id,proportion,fatals
01001,1.44872421724,8
01003,1.64000799504,32
01005,2.59913857122,7
01007,2.21199787648,5
01009,0.866400970369,5
01011,5.61902978086,6
01013,3.43912744424,7
01015,1.28592003292,15
01017,2.64092256228,9
01019,3.4604737004,9
01021,3.87959560921,17
01023,2.23964165733,3
01025,1.59553250897,4
01027,0.738716111398,1
01029,3.99946673777,6
01031,1.96525430391,10
01033,2.57144956285,14
01035,4.66381655655,6
01037,2.72059490342,3
01039,1.58369846381,6
01041,2.15238915196,3
01043,3.08775396776,25
01045,1.60429952272,8
01047,1.89780329269,8
01049,1.68852366747,12
01051,2.2287433602,18
01053,5.27217609068,20
01055,1.34918952258,14
01057,1.18371212121,2
01059,1.58057785927,5
01061,2.6104792094,7
01063,9.198574221,8
01065,1.31095962244,2
01067,1.1592858799,2
01069,1.15903954257,12
01071,3.40522133939,18
01073,1.21391265292,80
01075,2.83025543055,4
01077,1.83314103324,17
01079,2.38194485798,8
01081,0.794796730736,12
01083,2.47733798773,22
01085,1.86185067958,2
01087,2.99730242781,6
01089,0.692764650529,24
01091,0.984930562395,2
01093,2.96179287195,9
01095,1.37831591001,13
01097,1.73807667332,72
01099,2.70063464914,6
01101,1.44649291218,33
01103,0.834822099411,10
01105,2.98864315601,3
01107,3.02175664786,6
01109,4.52420449404,15
01111,0.883080183681,2
01113,2.91585194333,17
01115,2.2128016398,19
01117,0.933523313516,19
01119,6.74612098044,9
01121,2.33309183786,19
01123,1.70096955265,7
01125,2.04531622584,41
01127,2.57876613625,17
01129,2.35335647467,4
01131,5.34045393858,6
01133,3.3153750518,8
02016,1.75932441942,1
02020,0.869254146509,26
02050,1.12511251125,2
02060,10.3092783505,1
02090,0.902662855423,9
02122,1.04856608588,6
02170,1.55960822641,15
02240,1.42267747902,1
02290,1.77179305457,1
04001,6.23925461705,45
04003,1.31125286354,17
04005,4.24283655569,58
04007,5.64281011944,30
04009,1.60397786511,6
04012,9.34349643472,19
04013,1.01788313656,409
04015,2.40949636609,49
04017,3.80842684105,41
04019,0.93136258346,93
04021,1.41108135012,55
04023,1.27461602192,6
04025,2.1759662216,47
04027,0.788227817545,16
05001,0.533874325984,1
05003,3.29737623063,7
05005,2.43664717349,10
05007,1.00756513489,24
05009,2.14897789239,8
05011,0.892379082634,1
05013,1.90657769304,1
05015,4.34231952234,12
05017,7.04659561349,8
05019,1.31862335722,3
05021,3.8961038961,6
05023,2.33363151958,6
05025,2.35017626322,2
05027,0.411065893863,1
05029,2.36854571293,5
05031,1.6763798085,17
05033,1.61948565136,10
05035,2.61227770521,13
05037,1.71752447472,3
05039,6.3548551093,5
05041,2.42345908393,3
05043,2.66808964781,5
05045,1.0892972357,13
05047,2.7986118885,5
05049,3.2722513089,4
05051,2.57854240155,25
05053,1.6616816218,3
05055,1.84408279932,8
05057,5.37249283668,12
05059,5.10265337976,17
05061,5.16414607156,7
05063,1.62372807967,6
05067,2.84139341933,5
05069,1.223690651,9
05071,0.385653682993,1
05073,1.37551581843,1
05075,2.9361677139,5
05077,5.01705799719,5
05079,2.13340918788,3
05081,3.14465408805,4
05083,1.81809917731,4
05085,1.83898940459,13
05087,4.4580308241,7
05089,4.25325069875,7
05091,2.51993035829,11
05093,0.891583452211,4
05095,3.88953714508,3
05097,5.4365553985,5
05099,1.13726828159,1
05101,1.24192747144,1
05103,2.39578342118,6
05105,3.88349514563,4
05107,1.96164974744,4
05109,0.901957247226,1
05111,3.3044196613,8
05113,5.89275191514,12
05115,1.43243673404,9
05119,1.28053106184,50
05121,1.1302627861,2
05123,3.291278113,9
05125,1.31771981763,15
05127,2.75988960442,3
05129,6.27746390458,5
05131,0.471427561227,6
05133,1.73731758165,3
05135,1.75901495163,3
05137,3.19693094629,4
05139,2.21494844092,9
05141,0.588166098106,1
05143,1.01648554742,22
05145,1.27129417747,10
05147,4.29614778748,3
05149,0.915960613694,2
06001,0.473191195111,75
06003,8.84173297966,1
06005,2.16245438573,8
06007,1.39285778473,31
06009,2.4571671097,11
06011,2.33688539914,5
06013,0.647770028867,71
06015,5.03814596229,14
06017,1.37292482413,25
06019,1.02430208968,98
06021,2.14064005138,6
06023,2.0735518462,28
06025,1.51510050167,27
06027,3.26566156861,6
06029,1.55936682776,135
06031,2.31791149552,35
06033,2.64970853206,17
06035,2.75693061725,9
06037,0.581766713939,584
06039,1.89311103423,29
06041,0.309658640057,8
06043,1.68643543763,3
06045,1.14228273782,10
06047,2.00845065085,53
06049,3.26655052265,3
06051,4.24148169094,6
06053,1.1436813937,49
06055,1.06917566556,15
06057,1.31885969362,13
06059,0.519885792003,162
06061,0.573331877252,21
06063,2.63629653063,5
06065,1.00955948394,232
06067,0.907334537655,133
06069,1.56366732109,9
06071,1.15525864666,242
06073,0.719804808793,232
06075,0.45197041259,38
06077,1.34075878479,95
06079,1.19341667963,33
06081,0.440745741795,33
06083,0.757141218309,33
06085,0.631641266302,118
06087,0.668454162613,18
06089,1.90005700171,34
06091,3.31016219795,1
06093,2.50598017997,11
06095,1.03346306426,44
06097,0.908947680971,45
06099,0.872257839417,46
06101,1.7848331181,17
06103,2.85026602483,18
06105,2.24332610484,3
06107,1.60781264798,73
06109,3.14354925202,17
06111,0.642220274418,54
06113,1.20586532896,25
06115,1.225540259,9
08001,0.933774187935,44
08003,2.45866371627,4
08005,0.608242507932,37
08007,2.46426811237,3
08009,5.40394487976,2
08011,1.69635284139,1
08013,0.612839964907,19
08014,0.164747359924,1
08015,1.63853842373,3
08019,4.37828371278,4
08021,2.42453630743,2
08023,5.58503211393,2
08031,0.78503326386,51
08033,5.37056928034,1
08035,0.423488634217,13
08037,1.3314059647,7
08039,1.25759798784,3
08041,0.732797576883,48
08043,1.9227071717,9
08045,1.4016399187,8
08047,8.92060660125,5
08049,2.77565748387,4
08051,5.75043128235,9
08053,11.4416475973,1
08055,3.07597662258,2
08057,7.49063670412,1
08059,0.995756267833,55
08063,1.25313283208,1
08065,1.3583265417,1
08067,1.31623481629,7
08069,1.03699560377,33
08071,0.689512514652,1
08073,7.30193501278,4
08075,2.73622765414,6
08077,1.3528687582,20
08079,13.6425648022,1
08081,3.04947777693,4
08083,1.1673151751,3
08085,1.71505573931,7
08087,2.4683521986,7
08089,4.30755976739,8
08091,6.55021834061,3
08093,1.85311013651,3
08095,2.28780599405,1
08099,3.2693093584,4
08101,0.742946650239,12
08103,1.48986889154,1
08105,4.25713069391,5
08107,1.69448445311,4
08109,1.60307790959,1
08113,1.30276185513,1
08115,4.22832980973,1
08117,1.03662750518,3
08119,2.14224507284,5
08121,4.17101147028,2
08123,2.02990979819,55
08125,2.94550810015,3
09001,0.37234715947,35
09003,0.691236789852,62
09005,1.1808656819,22
09007,1.21091030182,20
09009,0.73066859656,63
09011,1.06155169574,29
09013,1.1188038013,17
09015,1.53230612071,18
10001,1.5338418609,26
10003,1.09161765,60
10005,1.92955205449,40
11001,0.355221132877,23
12001,1.455443753,37
12003,4.42233278054,12
12005,1.82489036401,32
12007,3.67336443449,10
12009,1.48123795365,82
12011,1.21530942646,224
12013,2.73691412932,4
12015,1.38735576024,23
12017,2.07656064273,29
12019,1.67158856633,33
12021,1.34861371306,46
12023,3.24455062974,22
12027,4.57705180651,16
12029,3.7287924927,6
12031,1.49325285486,133
12033,1.59959781541,49
12035,1.1906769991,12
12037,0.859993120055,1
12039,2.58486989488,12
12041,1.76553672316,3
12043,10.5485232068,14
12045,1.26702565727,2
12047,3.47342827371,5
12049,0.728119994175,2
12051,2.60667830983,10
12053,2.00218524218,35
12055,2.23740948662,22
12057,1.45830327182,190
12059,4.58365164248,9
12061,1.67989584646,24
12063,6.13496932515,30
12065,3.52162276377,5
12067,4.54493807522,4
12069,1.96418738992,61
12071,1.43142351301,95
12073,1.0249522867,29
12075,5.27359935712,21
12079,3.73751935501,7
12081,1.62919043782,56
12083,2.07831691958,70
12085,1.97907458472,30
12086,1.28834630142,340
12087,2.76676196625,21
12089,1.97680548234,15
12091,1.7686501558,34
12093,1.52846771112,6
12095,1.14723780124,141
12097,1.62861036328,49
12099,1.35624591132,187
12101,1.46049974128,70
12103,1.10577072756,103
12105,1.78720742457,112
12107,2.75118300869,20
12109,1.75776146702,37
12111,1.24997395888,36
12113,1.17997031443,19
12115,1.47944842082,58
12117,1.0060684218,44
12119,1.56680583589,17
12121,2.75260924418,12
12123,1.76327970024,4
12125,1.9748535317,3
12127,1.74700577107,88
12129,0.642508352609,2
12131,1.51293559937,9
12133,2.03012708596,5
13001,2.17190639083,4
13003,4.82276344345,4
13005,5.34664052754,6
13007,6.07533414338,2
13009,1.09182225134,5
13011,3.81762652705,7
13013,1.66638893518,12
13015,2.86176679561,29
13019,1.05157999895,2
13021,1.35644894585,21
13023,3.92279930959,5
13025,1.08389334489,2
13027,3.83705314319,6
13029,2.41320020512,8
13031,2.0722239107,15
13033,1.30395097144,3
13035,3.41224141608,8
13039,0.971911750413,5
13043,2.71960837639,3
13045,2.3979750433,27
13047,1.37667304015,9
13049,2.284843869,3
13051,1.93347416664,54
13053,2.51804599631,3
13055,1.5847232677,4
13057,0.531105052579,12
13059,1.24064348042,15
13063,0.935509703107,25
13065,1.47253718156,1
13067,0.681376045877,49
13069,1.62779340976,7
13071,2.82461324526,13
13073,1.10128924261,15
13075,3.52257382728,6
13077,1.34916351862,18
13079,3.19004705319,4
13081,2.14463412542,5
13083,3.04043782305,5
13085,5.29263882151,12
13087,2.19154065308,6
13089,1.1586822293,83
13091,2.36071765817,5
13093,1.39928636395,2
13095,1.39320544422,13
13097,1.61148549663,22
13099,7.56215143208,8
13101,4.94071146245,2
13103,0.915248032217,5
13105,1.53554793469,3
13107,4.39927851832,10
13111,1.26358352287,3
13113,0.644240946114,7
13115,1.45577057056,14
13117,0.662467641004,13
13119,2.71370420624,6
13121,1.0570147667,104
13123,2.44132110348,7
13127,1.10101170742,9
13129,1.43140868507,8
13131,3.56534484808,9
13133,4.8986589921,8
13135,0.779764301692,67
13137,2.06768212833,9
13139,1.75610379106,33
13141,7.8819952708,7
13143,2.45055137406,7
13145,2.44081034904,8
13147,1.96093811279,5
13149,2.58242231213,3
13151,1.37108060063,29
13153,0.74540895846,11
13155,1.06292517007,1
13157,3.09345490068,19
13159,2.20701831825,3
13161,2.00133422282,3
13163,3.66434591425,6
13165,4.48329970859,4
13167,1.02103328569,1
13169,1.04391398149,3
13171,3.31235508447,6
13175,2.29712233221,11
13177,1.03641263042,3
13179,1.24171542987,8
13181,2.59067357513,2
13183,1.20569086086,2
13185,1.59006386757,18
13187,1.94042883477,6
13189,1.85339634881,4
13191,1.42785749982,2
13193,1.42399430402,2
13195,1.41683196373,4
13197,1.14429568601,1
13199,2.81729821102,6
13201,3.3692722372,2
13205,1.30536941955,3
13207,2.22924020063,6
13209,2.23015165031,2
13211,4.46927374302,8
13213,2.28420598462,9
13215,0.699003919415,14
13217,1.75361683472,18
13219,1.45348837209,5
13221,2.72331154684,4
13223,1.62822252374,24
13225,3.6919441778,10
13227,2.35373234701,7
13229,2.64075208619,5
13231,5.05277341118,9
13233,1.21315055198,5
13235,1.72562553926,2
13237,2.82392808396,6
13241,4.30345505963,7
13243,1.36705399863,1
13245,1.34134163972,27
13247,0.805514320894,7
13251,4.22356750669,6
13253,2.28076177443,2
13255,1.40904607581,9
13257,1.95160031226,5
13259,1.70415814588,1
13261,0.636354958796,2
13263,1.54083204931,1
13265,11.6211504939,2
13267,1.9761283693,5
13269,1.19033448399,1
13271,2.43664717349,4
13273,1.08542277217,1
13275,0.892379082634,4
13277,1.22588079535,5
13279,1.83755972069,5
13281,2.77777777778,3
13283,8.87311446318,6
13285,1.30686685931,9
13287,2.39865675222,2
13289,5.87613115525,5
13291,1.84119677791,4
13293,1.88480096502,5
13295,1.61089551146,11
13297,1.16007934943,10
13299,1.39965848333,5
13301,10.7894263622,6
13303,4.33004570604,9
13305,0.998469014178,3
13307,7.35294117647,2
13309,3.77073906486,3
13311,1.43931488611,4
13313,1.64321064027,17
13315,1.11457868926,1
13317,1.00090081073,1
13319,5.32708288941,5
13321,4.72679145396,10
15001,1.09670882903,21
15003,0.497877416484,49
15007,0.430471653442,3
15009,1.30545868223,21
16001,0.550896884079,23
16003,10.3092783505,4
16005,1.07650351658,9
16009,2.20070422535,2
16011,3.52368577532,16
16015,13.0718954248,9
16017,3.65265669897,15
16019,0.278324117713,3
16023,3.76931775349,1
16025,9.50570342205,1
16027,1.25678032988,25
16029,4.40658049354,3
16031,2.99542128461,7
16033,11.0987791343,1
16035,3.5046728972,3
16037,11.8091639112,5
16039,3.82043935053,10
16041,1.5487068298,2
16043,1.54499806875,2
16045,1.19538581077,2
16047,2.62587802797,4
16049,2.45218244237,4
16051,1.49298297999,4
16053,3.09009844171,7
16055,0.758380100106,11
16057,0.26083100759,1
16059,2.56739409499,2
16061,2.62329485834,1
16063,7.60456273764,4
16065,0.791222702817,3
16067,1.97248385029,4
16069,1.00555569522,4
16073,1.7599436818,2
16075,1.76211453744,4
16077,3.88048117967,3
16079,2.38644499244,3
16083,1.49992500375,12
17001,1.93795560591,13
17003,1.35795763172,1
17005,2.31040258765,4
17007,0.742790291731,4
17011,2.3450095266,8
17017,6.03591368643,8
17019,0.728983408338,15
17021,2.33918128655,8
17027,2.9001555538,11
17029,0.754190470803,4
17031,0.456421051667,239
17033,1.02348907425,2
17035,3.65530476103,4
17037,1.15003114668,12
17039,0.610202587259,1
17041,1.00877635428,2
17043,0.386925362098,36
17045,0.555802578924,1
17047,4.51195668522,3
17049,2.62146102761,9
17051,0.903505601735,2
17053,0.722804481388,1
17055,4.28276313801,17
17057,1.37653828153,5
17061,2.96252407051,4
17063,1.39228673151,7
17065,1.20163422254,1
17067,0.53367488526,1
17069,2.36518448439,1
17071,2.84010224368,2
17073,0.601407293066,3
17075,3.78618387086,11
17077,1.67971243323,10
17079,2.07576543851,2
17081,0.259215096687,1
17083,0.441988950276,1
17085,3.57190695182,8
17087,2.33845194481,3
17089,0.55250092401,29
17091,0.801988932553,9
17093,0.74977506748,9
17095,3.07031010132,16
17097,0.497938534467,35
17099,1.15474466819,13
17101,3.00030003,5
17103,1.71296428469,6
17105,1.85730584521,7
17107,2.00293764187,6
17109,0.312412134087,1
17111,0.585638199228,18
17113,1.03977725661,18
17115,1.83161924299,20
17117,1.06737255572,5
17119,1.23430931043,33
17121,3.36221388853,13
17123,1.64298036638,2
17125,1.41582896786,2
17127,1.9978689398,3
17131,1.24169615695,2
17133,1.19264140255,4
17135,1.36295488619,4
17137,0.853995274559,3
17139,2.00978093388,3
17141,2.48105807584,13
17143,0.855102826115,16
17145,0.917010545621,2
17147,0.60624431646,1
17149,2.47770069376,4
17151,2.3089355807,1
17153,5.10986203373,3
17155,1.71762281003,1
17157,1.51199008135,5
17159,1.24015625969,2
17161,0.67952786404,10
17163,1.46051552453,39
17165,1.61400960336,4
17167,0.653213811955,13
17173,2.26090888537,5
17175,1.70677590032,1
17179,0.810629564397,11
17181,1.70930431314,3
17183,1.24427632889,10
17187,2.25975933563,4
17189,4.84194507851,7
17191,1.81214134703,3
17193,2.07411504425,3
17195,2.08604954368,12
17197,0.760239475435,52
17199,1.63883136425,11
17201,0.998488495002,29
17203,0.511430471027,2
18001,2.02066855262,7
18003,0.825416216127,30
18005,2.64190821256,21
18007,1.14259597806,1
18009,0.801538954793,1
18011,1.98311050883,12
18013,1.33235627207,2
18015,1.49895073449,3
18017,0.779706830232,3
18019,1.32531078538,15
18021,2.62309825377,7
18023,2.13187147861,7
18025,6.60938532716,7
18027,2.15976057511,7
18029,1.61033837235,8
18033,1.64903766873,7
18035,0.852260621298,10
18037,1.41874157622,6
18039,1.64436803946,33
18041,1.26193580953,3
18043,1.05401844532,8
18045,0.592136428233,1
18047,0.872029649008,2
18049,1.46148974521,3
18051,4.15825115837,14
18053,1.01602415235,7
18055,0.609477373153,2
18057,0.471960490165,14
18059,0.841184387618,6
18061,2.80397654856,11
18063,0.782090135888,12
18065,1.42432751394,7
18067,1.5707122576,13
18069,2.17019775927,8
18071,1.84030733132,8
18073,2.09280076537,7
18075,2.82286520819,6
18077,1.23255169014,4
18079,1.42282929606,4
18081,0.617940883655,9
18083,0.788187693763,3
18085,1.02586461152,8
18087,1.83804222246,7
18089,1.20017249937,59
18091,0.898634076204,10
18093,0.654821670232,3
18095,1.151366288,15
18097,1.04713737471,97
18099,0.638814360547,3
18101,2.92340674332,3
18103,2.48543260335,9
18105,0.491559225864,7
18107,1.30986063083,5
18109,2.44946183883,17
18111,2.84555737355,4
18113,1.05161317461,5
18115,1.65755014089,1
18117,1.52091254753,3
18119,3.30313325783,7
18121,1.75366808909,3
18123,2.06036880602,4
18125,4.72925041381,6
18127,1.32076604431,22
18129,1.56451675989,4
18131,0.766459722542,1
18133,2.12483399734,8
18135,3.12548835756,8
18137,0.349503704739,1
18139,1.76564063328,3
18141,0.449024494286,12
18143,0.4204684018,1
18145,2.02515694966,9
18147,3.83582662064,8
18149,1.7303283298,4
18151,1.459129775,5
18153,2.84212022169,6
18155,1.90476190476,2
18157,1.05000221053,19
18159,1.28427406409,2
18161,2.74010138375,2
18163,0.827335153471,15
18165,4.41361916772,7
18167,1.10836073447,12
18169,4.32659620496,14
18171,2.39034301422,2
18173,0.655791458316,4
18175,1.79018976011,5
18177,1.03144431674,7
18179,2.15858396892,6
18181,5.33049040512,13
18183,1.200120012,4
19003,2.56937307297,1
19005,2.13371266003,3
19007,1.57865656326,2
19009,1.70386777986,1
19011,4.26307018564,11
19013,0.754739765729,10
19015,1.51509412522,4
19017,0.407514568646,1
19019,1.90494332794,4
19021,1.46291510216,3
19023,0.668181210744,1
19025,1.00867460157,1
19029,3.67917586461,5
19031,2.72108843537,5
19033,1.60989857639,7
19035,1.68733653927,2
19037,0.816726559948,1
19041,0.604704601802,1
19043,1.68482533977,3
19045,0.62028326269,3
19047,2.3185717598,4
19049,0.534102440848,4
19051,2.28780599405,2
19055,1.14240018278,2
19057,0.994826900119,4
19059,2.35751753404,4
19061,0.417075052656,4
19063,1.00836946657,1
19065,0.971392491136,2
19067,0.623052959502,1
19069,2.86013919344,3
19073,2.18007412252,2
19077,1.86219739292,2
19079,3.26861476106,5
19081,1.80310133429,2
19083,1.7248318289,3
19085,1.38245662542,2
19087,1.49402390438,3
19089,2.10659363809,2
19093,1.41422712488,1
19095,3.05922662751,5
19097,2.04373594932,4
19099,1.361433317,5
19101,0.57743388382,1
19103,0.358587452308,5
19105,1.94552529183,4
19107,1.94344572928,2
19109,1.30890052356,2
19111,3.11006813877,11
19113,0.230797636632,5
19115,0.887232721143,1
19121,2.55689082076,4
19123,3.12555813538,7
19125,0.601539942252,2
19127,0.976514818612,4
19129,1.34571390122,2
19131,0.929195316856,1
19133,3.30105633803,3
19135,2.49937515621,2
19137,0.955566172957,1
19139,0.233029618064,1
19141,2.83848992336,4
19143,3.22009338271,2
19145,0.638569604087,1
19149,1.60946364624,4
19153,0.442116944353,20
19155,1.39465525195,13
19157,1.06923282545,2
19161,0.990000990001,1
19163,1.2353377178,21
19165,2.50166777852,3
19167,0.869338433452,3
19169,0.53426794606,5
19171,2.28846043824,4
19175,0.795228628231,1
19179,0.566331587144,2
19181,2.3137436372,11
19183,1.36258345824,3
19185,1.5664160401,1
19187,1.87692720204,7
19191,0.957670944264,2
19193,1.26792158393,13
19195,2.64445325929,2
19197,0.773036487322,1
20001,0.764467548353,1
20003,2.53292806484,2
20005,1.20242890639,2
20009,1.82488411986,5
20011,1.35025654874,2
20015,1.66434666828,11
20017,14.6950771492,4
20019,11.3636363636,4
20021,2.8636884307,6
20023,3.72856077554,1
20027,2.37501484384,2
20029,1.07077845594,1
20031,1.18231260345,1
20035,1.38584772305,5
20037,1.01770812131,4
20039,3.44234079174,1
20041,2.04960032794,4
20043,2.54485303474,2
20045,0.608870371498,7
20049,7.4543421543,2
20051,0.344910840548,1
20053,3.12012480499,2
20055,1.34651118951,5
20057,2.01647750187,7
20059,1.16491282569,3
20061,1.08734063664,4
20063,14.6252285192,4
20067,3.83828045036,3
20069,3.29760923331,2
20073,3.12842171125,2
20075,3.86697602475,1
20077,3.41238696468,2
20079,2.00947323095,7
20081,2.42130750605,1
20083,20.6291903043,4
20085,2.98507462687,4
20087,3.7040956715,7
20089,3.29163923634,1
20091,0.423419322741,24
20095,2.56739409499,2
20099,1.90041809198,4
20101,5.97371565114,1
20103,1.27833101103,10
20109,3.58037952023,1
20111,0.896539358078,3
20113,2.05114180227,6
20115,3.25467860049,4
20117,0.999500249875,1
20121,2.44738130201,8
20125,1.17013807629,4
20127,5.21739130435,3
20131,2.9530465597,3
20133,1.82670644827,3
20135,6.49983750406,2
20139,1.24378109453,2
20141,2.64410364886,1
20143,1.65343915344,1
20145,1.44696860078,1
20147,3.63570259953,2
20149,1.32596685083,3
20151,6.16079679639,6
20153,3.92927308448,1
20155,0.624434106591,4
20157,4.16146483562,2
20159,2.99580587178,3
20161,0.799765402149,6
20167,4.29307384087,3
20169,1.07652283126,6
20173,0.987110313526,50
20175,1.28899200825,3
20177,0.671170969618,12
20179,11.8530225207,3
20183,2.67379679144,1
20185,2.31481481481,1
20189,3.465003465,2
20191,0.846095270327,2
20193,2.52365930599,2
20195,6.77736360556,2
20197,2.85836787195,2
20199,12.539184953,2
20201,1.75870559268,1
20203,4.53720508167,1
20205,5.51815472906,5
20207,3.11429461227,1
20209,1.11936121787,18
21001,3.18268618714,6
21003,2.45639891918,5
21005,1.37861311521,3
21007,2.42248062016,2
21009,2.5626092021,11
21011,5.00918350309,6
21013,2.50447227191,7
21015,1.20368810034,15
21017,3.9974016889,8
21019,1.02213954249,5
21021,1.36109976861,4
21023,7.12166172107,6
21025,1.47156206313,2
21027,1.99391854843,4
21029,1.55923129897,12
21031,4.67471756915,6
21033,4.67799781693,6
21035,1.57455518816,6
21037,0.874555889587,8
21039,2.00642054575,1
21041,5.54016620499,6
21043,2.56166288516,7
21045,3.13401027955,5
21047,1.07876319799,8
21049,1.40224920773,5
21051,4.22535211268,9
21053,1.96309383589,2
21055,3.25309043591,3
21057,1.46907595123,1
21059,1.52791500718,15
21061,1.65220983065,2
21065,0.690798563139,1
21067,0.875753310023,27
21069,0.687568756876,1
21071,3.88108359854,15
21073,0.200891960304,1
21075,1.55714730614,1
21077,2.33453951208,2
21079,3.53440150801,6
21081,1.21605188488,3
21083,2.13321956162,8
21085,3.84600592285,10
21087,4.48470714862,5
21089,0.822436055597,3
21093,2.04595969459,22
21095,1.05633802817,3
21097,0.536250536251,1
21099,2.71134970989,5
21101,0.646607466161,3
21103,3.23519896474,5
21107,2.57964658842,12
21109,1.49734221756,2
21111,1.12462275522,85
21113,2.18566205691,11
21115,2.99785867238,7
21117,1.04289999816,17
21121,2.82938790908,9
21123,2.82705491554,4
21125,1.33888972569,8
21127,0.632071297642,1
21129,1.40469167018,1
21131,4.54669455306,5
21133,1.68983143931,4
21135,2.90065264685,4
21137,3.67376928729,9
21139,4.25803704492,4
21141,1.48970243194,4
21143,4.76077124494,4
21145,2.29329745597,15
21147,1.66657407922,3
21149,1.05263157895,1
21151,2.21347188891,19
21153,3.85237691656,5
21155,3.04305928894,6
21157,5.13132997659,16
21159,0.791702953052,1
21163,2.40566361949,7
21165,1.57654106889,1
21167,1.87423859057,4
21169,2.00300450676,2
21171,0.928936367859,1
21173,3.68093643023,10
21175,0.744712540959,1
21177,0.638793957009,2
21179,3.36594560632,15
21181,4.24028268551,3
21183,1.2466237274,3
21185,0.158636990974,1
21187,1.86723928671,2
21189,4.33275563258,2
21191,1.37797988149,2
21193,1.78310331301,5
21195,2.20701831825,14
21197,4.0170322166,5
21199,2.20004714387,14
21203,2.95124542557,5
21205,1.27075567604,3
21207,1.13192597204,2
21209,1.79361473156,9
21211,1.80627681192,8
21213,3.38906461817,6
21215,1.70677590032,3
21217,2.40067218821,6
21219,4.79080166081,6
21221,2.10526315789,3
21223,1.13856313333,1
21225,0.660589245607,1
21227,1.09289617486,13
21229,3.35852225021,4
21231,5.80973129993,12
21233,2.24601332635,3
21235,2.79376431804,10
21237,5.50888307396,4
21239,1.18497452305,3
22001,2.41301095507,15
22003,2.33890773009,6
22005,1.65594659136,19
22007,2.16853883853,5
22009,1.69127062746,7
22011,1.37896798036,5
22013,0.715461114688,1
22015,0.972423685,12
22017,1.37393912272,35
22019,1.83779423852,36
22021,2.002002002,2
22023,1.49120190874,1
22025,1.95179076803,2
22027,1.80299296833,3
22029,3.4231502763,7
22031,1.11255330985,3
22033,0.921990600193,41
22035,5.33262231702,4
22037,4.02921178544,8
22039,2.66524520256,9
22041,2.9197080292,6
22043,1.78874877024,4
22045,3.11071438232,23
22047,3.91224532788,13
22049,1.24154199516,2
22051,0.574591120958,25
22053,3.18126868995,10
22055,1.25101914922,29
22057,2.05182920574,20
22059,2.01355795691,3
22061,0.211197702169,1
22063,1.34379502647,18
22065,9.26471826834,11
22067,2.59144084111,7
22069,1.77981184846,7
22071,1.32718228583,50
22073,1.21975489346,19
22075,3.38997415145,8
22077,3.1113876789,7
22079,1.66383059179,22
22081,3.39443312967,3
22083,2.88780863455,6
22085,1.23721544045,3
22087,1.39997200056,6
22089,1.32981249644,7
22091,4.62192641893,5
22093,2.30946882217,5
22095,1.81155318041,8
22097,2.15277528614,18
22099,1.88231750932,10
22101,2.24546696357,12
22103,1.02897596312,25
22105,2.86884592704,36
22107,2.04373594932,1
22109,1.41916943109,16
22111,2.66276128345,6
22113,2.36846557266,14
22115,1.52450644104,8
22117,1.9331557694,9
22119,0.984809316296,4
22121,3.64830353885,9
22123,2.61917234154,3
22125,1.94615634123,3
22127,2.01952204645,3
23001,0.931159386552,10
23003,2.42839797157,17
23005,0.559207882035,16
23007,1.64462864285,5
23009,1.46364667569,8
23011,1.15595481868,14
23013,1.00697329003,4
23015,0.585548659094,2
23017,1.91567544975,11
23019,1.04277325547,16
23021,1.16577290744,2
23023,1.13986093697,4
23025,3.10215793862,16
23027,0.769704433498,3
23029,2.1745208288,7
23031,1.05167215873,21
24001,1.22367401324,9
24003,0.666330499928,37
24005,0.838437880866,69
24009,1.44261712941,13
24011,1.8370533664,6
24013,0.955543345835,16
24015,1.56924284033,16
24017,0.981971012216,15
24019,1.8442245036,6
24021,0.828593090362,20
24023,2.34796900681,7
24025,0.883654796237,22
24027,0.591881360669,18
24029,0.501932439894,1
24031,0.461753543467,47
24033,1.0752495475,96
24035,2.2633744856,11
24037,1.09475067053,12
24039,0.769822940724,2
24041,2.91012989762,11
24043,1.13887586253,17
24045,1.68014073649,17
24047,1.94103146412,10
24510,0.562290546771,35
25001,0.465623050203,10
25003,0.928160386115,12
25005,0.723637435935,40
25007,0.586579070859,1
25009,0.248740261491,19
25011,1.26503991904,9
25013,0.598238188535,28
25015,0.373229492595,6
25017,0.295607782453,46
25019,0.947328533535,1
25021,0.508927312093,35
25023,0.694884262063,35
25025,0.197649551533,15
25027,0.604240783787,49
26001,0.947867298578,1
26003,2.11059518784,2
26005,1.24072777546,14
26007,0.688041832943,2
26009,1.28937980831,3
26011,1.29668049793,2
26013,1.15074798619,1
26015,1.18349197762,7
26017,1.40583703537,15
26019,2.29397258703,4
26021,1.15707260631,18
26023,1.83041230037,8
26025,1.85473699829,25
26027,2.88728056668,15
26029,0.765286599832,2
26033,1.55496812315,6
26035,0.976880494953,3
26037,0.650152785905,5
26039,0.719683339331,1
26041,0.817171497058,3
26043,0.384437951715,1
26045,1.38451740338,15
26047,1.21146041553,4
26049,0.769463827986,32
26051,2.35284890789,6
26053,0.631951466127,1
26055,1.2234864916,11
26057,1.9103109031,8
26059,0.649660011261,3
26061,0.818330605565,3
26063,1.23877361412,4
26065,0.599666303339,17
26067,0.78046953047,5
26069,1.18105586394,3
26073,2.26407618616,16
26075,0.938914239573,15
26077,1.05159842961,27
26079,1.74114915844,3
26081,1.02796382852,64
26085,0.875196919307,1
26087,0.906669688899,8
26089,1.83722212015,4
26091,0.909991708964,9
26093,0.650085865508,12
26095,3.08784931295,2
26097,0.905469032959,1
26099,0.702009736875,60
26103,0.295936787902,2
26105,1.04489568458,3
26107,0.923766194776,4
26109,0.843276974322,2
26111,1.07624605376,9
26113,3.33600213504,5
26115,0.86415485655,13
26117,0.952320487588,6
26121,1.04966673081,18
26123,1.45745278894,7
26125,0.544935636595,67
26127,1.52502954745,4
26129,2.35604561304,5
26131,1.58780565259,1
26133,3.01282603082,7
26137,2.89963133259,7
26139,0.695624157929,19
26141,1.53409526732,2
26143,0.830978893136,2
26145,1.11971253925,22
26147,1.12199165986,18
26149,0.655501294615,4
26151,1.42809539677,6
26155,1.15752463357,8
26157,0.918779860345,5
26159,2.3888203209,18
26161,0.762513697005,27
26163,1.06803435023,190
26165,3.05334188269,10
27001,3.78811793674,6
27003,0.324709827491,11
27005,0.301768362605,1
27007,1.3205969098,6
27009,1.78475816527,7
27011,1.94779898714,1
27013,1.84261036468,12
27015,0.787680674255,2
27017,2.53928843495,9
27019,0.522384161312,5
27021,1.40257372278,4
27023,3.29109758104,4
27025,0.743024854181,4
27027,0.492780761839,3
27029,2.28519195612,2
27033,5.15818431912,6
27035,0.793046567694,5
27037,0.269306853125,11
27039,0.985707244948,2
27041,0.546149645003,2
27043,2.81096275474,4
27045,0.959554766588,2
27047,0.647312036767,2
27049,1.72499299222,8
27053,0.275510613003,33
27055,2.65787795024,5
27057,1.45815106445,3
27059,3.91685815751,15
27061,1.322926313,6
27063,5.87601606111,6
27065,1.24976566894,2
27067,1.88483649043,8
27071,0.766048720699,1
27073,2.8477858465,2
27075,2.79069767442,3
27079,2.1655177392,6
27083,1.16736059769,3
27085,1.10969316984,4
27087,1.81950509461,1
27089,1.05786522797,1
27091,0.4914004914,1
27093,1.72943058498,4
27095,1.54984695261,4
27097,2.73041684364,9
27099,0.509852907436,2
27101,1.17247039512,1
27103,0.604485280783,2
27105,1.38331719463,3
27107,4.48296473401,3
27109,0.941265060241,14
27111,1.56491801568,9
27113,2.12615166549,3
27115,3.08029297009,9
27117,2.13812272824,2
27119,1.26794940882,4
27123,0.341289810034,18
27127,1.27202187878,2
27129,1.31830466021,2
27131,0.77058225195,5
27137,0.797981107797,16
27139,0.509750804678,7
27141,1.21680069911,11
27143,3.99440782904,6
27145,0.786395360267,12
27147,1.09520028475,4
27149,1.02343670044,1
27151,3.14960629921,3
27153,0.817460966239,2
27157,1.40311491511,3
27159,2.90718802239,4
27161,0.524218913818,1
27163,0.486479912434,12
27165,0.904649900489,1
27169,0.195262921524,1
27171,0.621644093216,8
27173,3.96353547364,4
28001,0.625410425592,2
28003,2.67960020365,10
28005,3.89408099688,5
28007,4.69361147327,9
28009,1.18063754427,1
28011,3.84581250185,13
28013,3.38089120292,5
28015,3.8692203521,4
28017,5.75010062676,10
28021,5.359056806,5
28023,3.05586114167,5
28025,2.46560481286,5
28027,3.1678149996,8
28029,6.56962069085,19
28031,6.67659596323,13
28033,1.42360575611,24
28035,1.96677462074,15
28037,3.81825124093,3
28039,4.76108033241,11
28041,4.24658503787,6
28043,4.16840350146,9
28045,2.84919017249,13
28047,1.42662074307,28
28049,1.91154819135,47
28051,4.26166631153,8
28053,1.11308993767,1
28057,3.83778943329,9
28059,1.42170661662,20
28061,1.80853629129,3
28063,2.63643553915,2
28065,6.69960639812,8
28067,2.78282266096,19
28069,5.87601606111,6
28071,2.14973909985,11
28073,0.849112677252,5
28075,1.2526305241,10
28077,1.58906721754,2
28079,4.75100418952,11
28081,1.64636154099,14
28083,1.90379489783,6
28085,2.30116496476,8
28087,1.17254895392,7
28089,1.39717770104,14
28091,3.06407752116,8
28093,4.67225505016,17
28095,1.10573600553,4
28097,0.955657492355,1
28099,2.70700098129,8
28101,2.76969948761,6
28105,1.42717338118,7
28107,2.90926017514,10
28109,3.0799333285,17
28111,1.64109296792,2
28113,3.74298190892,15
28115,2.94917586919,9
28117,4.3341213554,11
28119,2.57698750161,2
28121,1.09020788902,16
28123,2.82755451879,8
28125,2.08116545265,1
28127,2.1897011058,6
28131,2.7811769941,5
28133,2.14969008635,6
28135,1.33698776656,2
28137,3.16734119303,9
28139,4.53432483903,10
28141,3.0707815139,6
28143,5.72683019948,6
28145,3.23612958901,9
28147,0.667645880625,1
28149,2.08246563932,10
28151,1.61619426655,8
28153,1.94514685859,4
28155,1.00010001,1
28157,3.21027287319,3
28159,1.60453548698,3
28161,4.03844600598,5
28163,2.5079717674,7
29003,1.15420129271,2
29005,5.51470588235,3
29007,1.16355738277,3
29009,1.39954095057,5
29011,2.46588854184,3
29013,3.0042660578,5
29015,3.71274000212,7
29017,1.61864681127,2
29019,0.878374421737,15
29021,0.669934458079,6
29023,1.62976414985,7
29025,2.20191566663,2
29027,3.14140824844,14
29029,2.04885378014,9
29031,1.54627219545,12
29033,1.09938434477,1
29035,9.54805856143,6
29037,1.19070062809,12
29039,2.15951626836,3
29041,1.30718954248,1
29043,1.35963611194,11
29045,2.89059112589,2
29047,0.868202516919,20
29049,1.95140989365,4
29051,0.653312949969,5
29055,0.405515004055,1
29057,1.31268049357,1
29059,1.20743781695,2
29063,0.782350179941,1
29065,3.20266461696,5
29069,3.80204042836,12
29071,2.16050595121,22
29073,2.0069574525,3
29075,1.47383935151,1
29077,0.98867961837,28
29079,2.92511700468,3
29081,2.29305205228,2
29083,0.907688118363,2
29085,6.42742367434,6
29087,8.66738894908,4
29089,1.96425063838,2
29091,1.23989485692,5
29093,3.87521798101,4
29095,1.20427959848,82
29097,1.79205352267,21
29099,1.35393113906,30
29101,0.923275782476,5
29103,2.47831474597,1
29105,1.68947457341,6
29107,2.43042897071,8
29109,3.39922602238,13
29111,1.96618167519,2
29113,1.6713091922,9
29115,3.22554632691,4
29117,2.65922084829,4
29119,3.95378465053,9
29121,1.9404915912,3
29123,3.22554632691,4
29125,5.52059180744,5
29127,0.693481276006,2
29129,2.68961807423,1
29131,3.2056419298,8
29133,0.703828828829,1
29135,1.89861401177,3
29137,1.15207373272,1
29139,7.53831979228,9
29141,2.96662546354,6
29143,2.17261419803,4
29145,1.0208074587,6
29147,0.86258949366,2
29149,2.73248929775,3
29151,1.45369966565,2
29155,5.6063239334,10
29157,1.57068062827,3
29159,1.89506099728,8
29161,2.8870283595,13
29163,4.32035426905,8
29165,0.749512816669,7
29167,2.89323946379,9
29169,0.748460977116,4
29171,2.04290091931,1
29173,2.9288294445,3
29175,1.98925800676,5
29177,1.73678954453,4
29179,7.60109455762,5
29181,2.85918513224,4
29183,0.667013513694,25
29185,7.35294117647,7
29186,3.33518621456,6
29187,1.66641417967,11
29189,0.679098835845,68
29195,1.28567755207,3
29199,2.05212394829,1
29201,1.28004915389,5
29203,2.40471323795,2
29205,3.23676970384,2
29207,2.01092603144,6
29209,2.23107569721,7
29211,3.07125307125,2
29213,2.98758285874,16
29215,6.21721391102,16
29217,1.43691924514,3
29219,2.72372363284,9
29221,3.19386777387,8
29223,0.746435769202,1
29225,4.63341509948,17
29227,4.80307396734,1
29229,0.542034798634,1
29510,1.57306905773,50
30001,2.15262081584,2
30003,8.37074804048,11
30005,6.0624431646,4
30007,3.51370344343,2
30009,8.76509544215,9
30011,16.2999185004,2
30013,1.09635765623,9
30015,15.3714773698,9
30017,2.51151109251,3
30021,3.20341697811,3
30023,4.3426338074,4
30027,2.61597488664,3
30029,1.28571887757,12
30031,1.04906475877,10
30033,9.55109837631,1
30035,4.38853130486,6
30039,3.15656565657,1
30041,4.23651879199,7
30043,3.47765605982,4
30045,25.0375563345,5
30047,2.0578248791,6
30049,2.2950869838,15
30053,2.58571650204,5
30057,7.72499034376,6
30061,7.07881075979,3
30063,1.33969240662,15
30065,4.17536534447,2
30067,2.54647313471,4
30071,4.79961603072,2
30075,5.87199060482,1
30077,2.86738351254,2
30081,0.734879847145,3
30083,0.898311174991,1
30085,5.41907514451,6
30087,4.27715996578,4
30089,4.40683941477,5
30091,2.75482093664,1
30093,1.73666386871,6
30095,2.1533161068,2
30097,2.75254610515,1
30099,6.58544616398,4
30101,1.94174757282,1
30105,5.27913422199,4
30107,4.72813238771,1
30111,1.10610832054,17
31001,0.318045925832,1
31003,7.7089115017,5
31009,18.1488203267,1
31011,1.86115764005,1
31013,0.884173297966,1
31017,3.24886289799,1
31019,1.04257892322,5
31023,4.84496124031,4
31025,2.76025236593,7
31027,4.61095100865,4
31031,3.46620450607,2
31033,2.97707651087,3
31035,7.83453462864,5
31037,0.950389659761,1
31041,2.77726346973,3
31043,1.44244638908,3
31045,3.28371278459,3
31047,3.3237774731,8
31051,1.70473917491,1
31053,1.90605854323,7
31055,0.985762245306,53
31061,3.22061191626,1
31065,2.04624514017,1
31067,4.12503437529,9
31079,0.822476641663,5
31081,1.0989010989,1
31083,2.89184499711,1
31089,1.9234468167,2
31097,3.87071801819,2
31101,2.45519273263,2
31105,8.06451612903,3
31109,0.704508856683,21
31111,0.835747715623,3
31119,1.13924411153,4
31121,1.28600823045,1
31123,2.05170291342,1
31127,4.18526785714,3
31129,2.27738556138,1
31131,2.52493372049,4
31133,7.33675715334,2
31135,3.41997264022,1
31137,5.42534722222,5
31139,4.17594654788,3
31141,0.919061332026,3
31147,2.43872698451,2
31149,7.13775874375,1
31151,4.87465181058,7
31153,0.531940044447,9
31155,2.86902883374,6
31157,1.0903936321,4
31159,1.76491351924,3
31161,5.66679259539,3
31163,3.21853878339,1
31167,1.64446637066,1
31169,1.92975685064,1
31173,5.75871004895,4
31175,2.35072872591,1
31177,0.987313027595,2
31181,2.70489586151,1
31185,1.44665461121,2
32001,2.06168563417,5
32003,1.03165105435,210
32005,1.48119934827,7
32007,2.32729529498,12
32009,43.8212094654,5
32011,23.9664469742,4
32013,4.68740844905,8
32015,8.4090144635,5
32017,7.70119368502,4
32019,1.35509224306,7
32021,4.38020148927,2
32023,2.58064516129,11
32029,5.09035377959,2
32031,0.850537562727,37
32033,4.01042711049,4
32510,0.367093719026,2
33001,0.993393930363,6
33003,1.26281228295,6
33005,0.261677351825,2
33007,2.19642296831,7
33009,1.00737623264,9
33011,0.594100581228,24
33013,1.08649889313,16
33015,0.969880203073,29
33017,0.957907929083,12
33019,0.695490900661,3
34001,1.05310557202,29
34003,0.323858668077,30
34005,1.0653503671,48
34007,0.683596420299,35
34009,1.25254423047,12
34011,1.84672206833,29
34013,0.505299965008,40
34015,0.792289302717,23
34017,0.407473978259,27
34019,0.712871287129,9
34021,0.513219452638,19
34023,0.493797422618,41
34025,0.746998100718,47
34027,0.461669396538,23
34029,0.651298311766,38
34031,0.630449944245,32
34033,1.68918918919,11
34035,0.665448693906,22
34037,0.685260056191,10
34039,0.528479582465,29
34041,0.746087702609,8
35001,0.949635206538,64
35005,1.82340338241,12
35006,4.01723760134,11
35007,3.07763329999,4
35009,0.396063132463,2
35011,14.8514851485,3
35013,0.841266948024,18
35015,1.79723585126,10
35017,0.686836773241,2
35019,17.6756517897,8
35023,8.61511953478,4
35025,1.90758485084,13
35027,1.00346194371,2
35029,2.42042841583,6
35031,3.1081921133,23
35033,4.29184549356,2
35035,1.53097155455,10
35037,12.6465854219,11
35039,3.0038298831,12
35041,2.51155314446,5
35043,0.365930414672,5
35045,2.47736408461,31
35047,1.04646295521,3
35049,1.01965902602,15
35051,2.58286698235,3
35053,2.28649822796,4
35055,0.607109249309,2
35057,5.04636346433,8
35061,0.655333761485,5
36001,0.715533251155,22
36003,0.832119825255,4
36005,0.280042034309,40
36007,0.807701433165,16
36009,0.886502368228,7
36011,1.01044548015,8
36013,0.753886283793,10
36015,1.24621885869,11
36017,1.21092252114,6
36019,0.367264491645,3
36021,1.12549240293,7
36023,1.2234161858,6
36025,1.70572056033,8
36027,0.875633150124,26
36029,0.477438844424,44
36031,0.513980263158,2
36033,1.17004680187,6
36035,0.915650294839,5
36037,1.17730162468,7
36039,1.86289120715,9
36043,0.624668145048,4
36045,1.00885268229,12
36047,0.265869418043,69
36049,1.47470874502,4
36051,0.462955818583,3
36053,1.24263051072,9
36055,0.427033345966,32
36057,1.00443962313,5
36059,0.679161265366,92
36061,0.171831112109,28
36063,0.840532337147,18
36065,0.513791006945,12
36067,0.704670470464,33
36069,1.46530881383,16
36071,0.745902862136,28
36075,1.56787668237,19
36077,1.14008371472,7
36079,0.804117079447,8
36081,0.338962574621,78
36083,0.562851782364,9
36085,0.550286678194,26
36087,0.467744349648,15
36089,0.982046406157,11
36091,0.804382993556,18
36093,0.646011524846,10
36095,0.313351925548,1
36097,1.08636610538,2
36099,1.99180514455,7
36101,0.709471443774,7
36103,1.11897576418,168
36105,1.7031311411,13
36107,0.597621466563,3
36109,1.2517452217,13
36111,0.882515168229,16
36113,0.306842589751,2
36115,1.59489633174,10
36117,1.40668282548,13
36119,0.454867338974,44
36121,1.68894465087,7
36123,0.794060427999,2
37001,1.54581406433,24
37003,1.61472630389,6
37005,1.83301255614,2
37007,0.765257317773,2
37009,2.21287895552,6
37011,1.69539417915,3
37013,1.05128151216,5
37015,2.92426162394,6
37017,1.15207373272,4
37019,1.03514310853,12
37021,1.45550991364,36
37023,0.893375619779,8
37025,1.32714001327,25
37027,1.46774627559,12
37031,0.586269566747,4
37033,2.58910848365,6
37035,1.81100834357,28
37037,1.7795969213,12
37039,1.84556326591,5
37041,0.68231441048,1
37043,1.87687687688,2
37045,2.05807898907,20
37047,2.44626943911,14
37049,1.53183341312,16
37051,1.29388822654,42
37053,1.63318634656,4
37055,0.573674095746,2
37057,1.70870278946,28
37059,1.44763191546,6
37061,3.36400181656,20
37063,0.86560001662,25
37065,1.98986975398,11
37067,1.13358622444,41
37069,1.12366765121,7
37071,1.90651408199,40
37073,3.41180484476,4
37075,3.44827586207,3
37077,2.06508458242,12
37079,2.34433608402,5
37081,1.12478614263,57
37083,2.24689647424,12
37085,1.85006435006,23
37087,1.35203650499,8
37089,0.729135336633,8
37091,1.64149704531,4
37093,2.93685756241,15
37095,1.75654312313,1
37097,1.09047290175,18
37099,1.47015583652,6
37101,1.51348684948,27
37103,0.983671060397,1
37105,3.53428254064,21
37107,1.53108094315,9
37109,2.38759456131,19
37111,1.11207490937,5
37113,1.47410006191,5
37115,1.42673705236,3
37117,0.84285052046,2
37119,0.807845798394,80
37121,1.30463144162,2
37123,1.08691714068,3
37125,1.7440022672,16
37127,2.53373028441,24
37129,0.985494460113,21
37131,2.37970586835,5
37133,1.30610112488,24
37135,0.865526095612,12
37137,3.85148667386,5
37139,0.999550202409,4
37141,2.53779501867,14
37143,1.48170099274,2
37145,1.52819520147,6
37147,1.84121796568,32
37149,1.96782604418,4
37151,1.82622743556,26
37153,1.08587065109,5
37155,3.92968095439,53
37157,1.62513542795,15
37159,1.66231813878,23
37161,0.897330441935,6
37163,3.91401687724,25
37165,2.50473115886,9
37167,1.81560096392,11
37169,1.92880564068,9
37171,2.18668853355,16
37173,0.706065099202,1
37175,1.51846452867,5
37179,0.749688410754,16
37181,2.45376876575,11
37183,0.665970641965,65
37185,2.93140512019,6
37187,2.36817177139,3
37189,2.29709035222,12
37191,1.36705399863,17
37193,1.74049255939,12
37195,1.83866341428,15
37197,2.10687103316,8
37199,1.70415814588,3
38001,4.27167876976,1
38003,2.70343336037,3
38005,2.94377391816,2
38009,1.50738619234,1
38011,6.20925178516,2
38015,1.13349126645,10
38017,0.369230769231,6
38019,2.5706940874,1
38025,7.15137067938,3
38029,5.77533930118,2
38035,0.869829948245,6
38053,18.72074883,18
38055,6.34853454661,6
38059,2.07003622563,6
38061,5.40365286934,5
38065,5.49752611325,1
38067,1.38773244518,1
38069,6.82593856655,3
38071,0.864603147155,1
38077,1.22571551143,2
38079,0.689750310388,1
38081,2.58131130614,1
38083,7.4794315632,1
38085,6.84931506849,3
38089,2.09585021657,6
38093,3.32131334219,7
38095,8.71839581517,2
38099,3.63471149478,4
38101,1.18105586394,8
38105,6.07718018839,18
39001,1.77122816961,5
39003,0.760485189551,8
39005,0.940043994059,5
39007,1.80402297123,18
39009,0.769538584665,5
39011,1.74394524012,8
39013,1.43760782059,10
39015,1.13002011436,5
39017,0.778444078188,29
39019,1.05779062798,3
39021,1.26926103622,5
39023,1.75403977285,24
39025,0.798861622188,16
39027,0.716127184188,3
39029,0.754809552115,8
39031,1.90611044549,7
39033,1.17027501463,5
39035,0.593735379266,75
39037,2.4830009932,13
39039,1.81023558923,7
39041,0.701061839047,13
39043,1.44468814436,11
39045,0.938891571436,14
39047,3.12836733984,9
39049,0.69915057318,85
39051,2.58914911145,11
39053,1.96302960903,6
39055,1.06525768583,10
39057,0.487234457221,8
39059,0.252359561904,1
39061,0.67147976732,54
39063,1.32576761945,10
39065,1.89059742879,6
39067,1.91901746306,3
39069,3.56951633054,10
39071,1.62149640954,7
39073,1.38341287957,4
39075,0.920895110047,4
39077,1.69672701359,10
39079,1.52188470201,5
39081,1.6163872276,11
39083,0.983542062816,6
39085,0.610189289435,14
39087,0.80870816957,5
39089,1.36342349712,23
39091,1.97871779087,9
39093,1.12154958569,34
39095,0.779349976276,34
39097,1.84094256259,8
39099,0.937966318482,22
39101,0.758230593088,5
39103,0.629179035755,11
39105,2.55612831764,6
39107,1.22360081247,5
39109,1.06262739453,11
39111,1.37485392177,2
39113,1.04915477468,56
39115,4.023335345,6
39117,3.42896331009,12
39119,1.16257440476,10
39121,2.75709953129,4
39123,0.971770079199,4
39125,2.087138012,4
39127,1.11034004164,4
39129,0.884720870565,5
39131,1.05648682913,3
39133,1.29712100904,21
39135,2.3991171249,10
39137,0.87760355722,3
39139,1.38988815488,17
39141,0.90516461065,7
39143,1.66148836127,10
39145,1.66630349796,13
39147,0.715192476175,4
39149,1.01901481648,5
39151,0.506695041589,19
39153,0.461384855873,25
39155,0.872207120117,18
39157,0.755148494558,7
39159,1.68318683374,9
39161,1.04983202688,3
39163,5.28940607526,7
39165,0.682078611834,15
39167,0.977979169044,6
39169,1.21347652356,14
39171,2.40731824747,9
39173,2.32765643791,30
39175,1.780389015,4
40001,1.34916351862,3
40003,5.21285838401,3
40005,2.15734215447,3
40007,9.04159132007,5
40009,3.86266094421,9
40011,1.01936799185,1
40013,2.49982955708,11
40015,2.37328360739,7
40017,0.950924377739,12
40019,2.27075678131,11
40021,1.45539222821,7
40023,3.30687830688,5
40025,8.54335753951,2
40027,1.00515982041,27
40031,0.955939170404,12
40033,6.5445026178,4
40037,1.97849097667,14
40039,2.07053626889,6
40041,1.69045376609,7
40043,6.16903146206,3
40045,2.42659548653,1
40047,0.643169539491,4
40049,1.82116190129,5
40051,3.17093188092,17
40053,6.64157626743,3
40055,1.63478829492,1
40057,3.48918353105,1
40059,7.96601168348,3
40061,1.55642023346,2
40063,1.45085237577,2
40065,1.151366288,3
40067,1.57903047529,1
40069,1.81455271276,2
40071,3.29041174019,15
40073,3.9210560711,6
40075,5.37518813158,5
40077,3.71264154446,4
40079,2.80566744825,14
40081,2.60839322977,9
40083,1.5732811903,7
40085,3.10462589258,3
40087,1.91717791411,7
40089,2.41378269921,8
40091,2.46548323471,5
40093,9.09090909091,7
40095,2.49781441239,4
40097,1.70702562977,7
40099,2.91269205563,4
40101,1.99362041467,14
40103,0.869111767773,1
40105,5.68450971104,6
40107,0.816459830176,1
40109,1.11334959177,84
40111,1.77457790397,7
40113,1.66479377367,8
40115,3.42839333022,11
40117,1.8182920177,3
40119,2.01452979615,16
40121,2.89139476435,13
40123,2.10222047037,8
40125,2.81151596941,20
40127,4.45394619633,5
40131,2.46664424263,22
40133,1.96224637966,5
40135,1.92938452634,8
40137,1.33910636968,6
40139,3.70576246063,8
40143,1.15507712546,72
40145,0.795850963643,6
40147,1.15919629057,6
40149,4.29221392394,5
40151,2.21410384147,2
40153,1.90603259316,4
41001,3.73785198106,6
41003,0.693681715706,6
41005,0.718984793472,28
41007,1.33754213258,5
41009,1.61979388123,8
41011,1.43369175627,9
41013,1.90876121397,4
41015,1.34300295461,3
41017,0.780209096038,13
41019,2.89195290781,31
41023,2.74876305662,2
41025,4.1499515839,3
41027,0.879159523496,2
41029,1.19982914433,25
41031,2.71973165314,6
41033,2.8773873323,24
41035,2.27369186928,15
41037,2.55036980362,2
41039,1.59637035792,57
41041,1.5103458692,7
41043,2.18540652764,26
41045,1.63660763968,5
41047,0.711503778704,23
41049,4.46269189575,5
41051,0.533563763472,41
41053,2.07082211638,16
41055,11.1420612813,2
41057,2.75265434526,7
41059,1.433448878,11
41061,3.10739949505,8
41065,1.17683979288,3
41067,0.485428165621,27
41069,7.41839762611,1
41071,1.5822941287,16
42001,1.37569153065,14
42003,0.438616085027,54
42005,2.05945953898,14
42007,0.70677621698,12
42009,1.42606853278,7
42011,0.942108632372,39
42013,1.81892952044,23
42015,2.57118981809,16
42017,0.893736344586,56
42019,0.861655779287,16
42021,0.645712112842,9
42023,4.10761963442,2
42025,1.70189064579,11
42027,0.950431812854,15
42029,0.686547782745,35
42031,1.013838901,4
42033,2.45872416803,20
42035,2.52436007472,10
42037,2.09230033477,14
42039,0.91592915288,8
42041,0.538465043264,13
42043,0.700863906984,19
42045,0.373876367987,21
42047,1.27510360217,4
42049,1.10770462163,31
42051,2.07636576666,28
42055,1.64165873198,25
42057,3.40274942153,5
42059,1.58152775581,6
42061,1.52485513876,7
42063,1.93412594573,17
42065,1.56403610689,7
42067,4.83305811752,12
42069,0.890100675071,19
42071,0.905291428399,48
42073,1.23370942778,11
42075,1.39936365779,19
42077,1.03712341208,37
42079,1.21838829098,39
42081,1.97160883281,23
42083,1.6323104188,7
42085,1.12729795352,13
42087,0.856989823246,4
42089,2.02524407169,34
42091,0.4182196145,34
42093,2.70153447158,5
42095,0.934529531133,28
42097,0.957385698785,9
42099,2.40821419971,11
42101,0.604473619228,94
42103,1.23605028959,7
42105,2.30189330725,4
42107,1.02487018311,15
42109,2.24741547221,9
42111,1.56623203728,12
42113,3.13430496787,2
42115,2.3602161958,10
42117,1.18248037083,5
42119,0.667289470172,3
42121,0.371016213409,2
42123,1.46477222792,6
42125,1.10456907399,23
42127,1.54912667983,8
42129,1.13494495517,41
42131,1.42111059793,4
42133,0.909793931674,40
44001,0.203351228241,1
44003,0.424350440718,7
44005,0.120973107678,1
44007,0.412397951334,26
44009,0.791107946679,10
45001,2.40028803456,6
45003,1.58625570442,26
45005,4.06586704615,4
45007,1.67350887744,32
45009,2.59201658891,4
45011,2.26264820346,5
45013,0.991716252479,17
45015,1.85937927722,36
45017,6.68538574676,10
45019,1.68944285929,63
45021,3.04315915722,17
45023,5.22177171643,17
45025,3.46380325598,16
45027,4.68137398326,16
45029,5.52573413325,21
45031,3.68069255911,25
45033,2.22681724193,7
45035,2.19606766633,32
45037,0.755686541223,2
45039,3.02925393803,7
45041,2.74705414588,38
45043,2.97167007858,18
45045,1.5371560087,73
45047,1.57658626077,11
45049,3.41913740048,7
45051,2.78609018677,81
45053,5.64993031753,15
45055,2.8698064475,18
45057,1.84585850879,15
45059,3.31380198527,22
45061,4.33345972591,8
45063,1.67979462685,46
45065,3.03183425973,3
45067,3.41965368235,11
45069,3.21508948666,9
45071,1.85725656673,7
45073,1.73451280204,13
45075,3.42257797405,31
45077,1.33195697779,16
45079,1.13094026374,45
45083,2.57519571487,75
45085,1.85568349462,20
45087,2.13333333333,6
45089,2.40688368735,8
45091,0.749762575185,18
46003,10.9930377428,3
46005,2.20167327169,4
46007,2.90866783013,1
46011,0.605216970284,2
46013,0.26274303731,1
46019,0.971628449281,1
46021,6.45994832041,1
46023,1.08236822167,1
46027,1.42744986082,2
46029,0.720720720721,2
46033,5.95663569216,5
46035,1.51614696518,3
46037,3.55998576006,2
46045,14.9328023892,6
46047,1.44801621778,1
46049,8.47816871556,2
46051,1.38370001384,1
46053,4.73260766682,2
46057,1.6716817118,1
46059,2.96296296296,1
46061,20.6733608978,7
46063,7.53012048193,1
46065,0.572540936677,1
46067,2.76778300581,2
46071,9.26784059314,3
46075,12.8040973111,1
46081,3.2460945425,8
46083,0.802021093155,4
46087,1.78157847853,1
46091,2.12720697724,1
46093,2.2743641257,6
46095,9.58772770853,2
46097,4.33651344319,1
46099,0.558840294621,10
46101,6.21214474297,4
46103,1.50822453693,16
46109,3.87672029463,4
46111,4.27533133818,1
46119,6.8073519401,1
46125,1.20452902915,1
46127,1.34752728743,2
46129,3.63967242948,2
46135,3.09241915533,7
47001,0.795439480313,6
47003,2.60948984474,12
47005,3.07484164566,5
47007,0.730673681134,1
47009,2.15675623862,27
47011,1.95959318845,20
47013,3.73357228196,15
47015,4.35192572713,6
47017,1.4107854548,4
47019,1.05372227393,6
47021,1.5219927959,6
47023,1.73170168552,3
47025,1.57490235605,5
47027,1.2853470437,1
47029,2.2649415362,8
47031,2.61936835803,14
47033,1.3698630137,2
47035,2.61073883909,15
47037,1.15412767689,76
47039,0.855724798905,1
47041,2.62632629478,5
47043,2.9719448407,15
47045,1.57670678509,6
47047,0.772916988715,3
47049,2.7884669009,5
47051,1.94467402402,8
47053,1.00863390624,5
47055,3.45435075478,10
47057,2.63898662913,6
47059,2.18735417639,15
47063,0.952396069779,6
47065,1.20647705826,42
47069,0.761817697025,2
47071,1.1583011583,3
47073,1.59024648821,9
47075,4.93204734765,9
47077,3.2127940599,9
47079,2.78905451052,9
47081,1.64724292715,4
47083,6.03136308806,5
47085,3.28947368421,6
47087,3.47947112039,4
47089,2.09563726424,11
47091,2.22012543709,4
47093,1.21526371223,54
47095,1.30089761936,1
47097,1.45841688847,4
47099,1.89456732819,8
47101,1.67448091092,2
47103,2.08643815201,7
47105,1.39361723307,7
47107,2.09499866682,11
47109,3.8309772823,10
47111,1.75739203023,4
47113,1.8332925935,18
47115,1.76640994842,5
47117,1.28373824577,4
47119,1.18921618761,10
47121,3.4141345169,4
47123,1.98706201841,9
47125,1.45176900742,27
47129,3.6707350647,8
47131,0.642487712422,2
47133,2.26244343891,5
47139,3.59561335171,6
47141,0.677414984419,5
47143,2.77829227635,9
47145,2.06914713517,11
47147,1.18648592531,8
47149,0.884774099477,25
47151,2.26829378941,5
47153,3.42653508772,5
47155,1.70909129752,16
47157,1.27965875766,120
47159,4.18060200669,8
47161,4.51603191329,6
47163,0.956925589466,15
47165,0.648496960907,11
47167,0.810714401531,5
47171,1.10686811666,2
47173,2.09467951403,4
47175,1.78699070765,1
47177,0.999625140572,4
47179,1.43635739764,18
47181,0.59182103332,1
47183,1.74342583176,6
47185,2.66646350754,7
47187,0.501363709289,10
47189,1.30670913471,16
48001,1.38133471467,8
48003,8.34575260805,14
48005,2.05132880521,18
48007,0.823316318129,2
48013,3.61317747078,17
48015,1.730942325,5
48017,1.40331181589,1
48019,3.84689363339,8
48021,2.59915787285,20
48023,16.5380374862,6
48025,1.53097155455,5
48027,1.22683956926,40
48029,1.02437576075,187
48031,3.73029935652,4
48033,14.1843971631,1
48035,2.22580824662,4
48037,1.50287155816,14
48039,1.26604791087,42
48041,1.0717539253,22
48043,1.08283703303,1
48047,4.15454923141,3
48049,1.58591705654,6
48051,2.31307465448,4
48053,2.49184487133,11
48055,3.0497877856,12
48057,0.461552663159,1
48059,4.43393437777,6
48061,0.598161967905,25
48063,0.798977309044,1
48065,14.8319050758,9
48067,4.61619625429,14
48069,1.25817815803,1
48071,4.02673753725,15
48073,1.56350772959,8
48075,1.41663125089,1
48077,0.954289531444,1
48081,15.4416306362,5
48083,4.68603561387,4
48085,0.417529270542,36
48087,9.81033355134,3
48089,6.74471262707,14
48091,1.42102447506,17
48093,2.93621081994,4
48097,3.35388663863,13
48099,1.70765027322,13
48103,4.22832980973,2
48105,8.1103000811,3
48107,6.65889795239,4
48109,52.2648083624,12
48111,1.42571998859,1
48113,1.03822812286,258
48115,2.95377344558,4
48117,1.03923096908,2
48119,3.82921692514,2
48121,0.505567390084,37
48123,1.4605647517,3
48125,4.3840420868,1
48127,7.4892342258,8
48131,5.18268981601,6
48133,4.36490615452,8
48135,3.61066349285,54
48137,15.7397691501,3
48139,1.59176864598,25
48141,0.709906809691,59
48143,4.49561677365,18
48145,2.29753015508,4
48147,2.37051084509,8
48149,6.43889090104,16
48151,5.18403317781,2
48157,0.592407162962,39
48159,3.77394093782,4
48161,5.61625650975,11
48163,4.95376486129,9
48165,5.28652992176,10
48167,1.42781579878,44
48171,1.96865894952,5
48173,50.8474576271,6
48175,5.39811066127,4
48177,7.43604997026,15
48179,2.61062524475,6
48181,2.03616224141,25
48183,2.11076653298,26
48185,5.93449797856,16
48187,1.32441098564,19
48189,1.12663361875,4
48191,6.24414611302,2
48193,8.46842487297,7
48195,5.39665407447,3
48197,2.50501002004,1
48199,1.62528216704,9
48201,0.817195632503,356
48203,3.91466040321,26
48205,13.0697598432,8
48207,6.83410216983,4
48209,0.957412058886,17
48211,2.43013365735,1
48213,2.15146299484,17
48215,0.805647343744,66
48217,4.58150788878,16
48219,2.14389846497,5
48221,0.564217336518,3
48223,2.52489830271,9
48225,3.48599067497,8
48227,3.32363938513,12
48229,21.021021021,7
48231,2.49852359969,22
48233,2.74499039253,6
48235,18.2481751825,3
48237,6.70690811536,6
48239,6.90321689907,10
48241,3.35495414896,12
48245,1.06773387326,27
48247,1.90876121397,1
48249,3.61785774583,15
48251,1.41524605983,22
48253,4.00440484533,8
48255,6.04879360172,9
48257,1.6470093056,18
48259,2.40892909719,9
48261,35.3982300885,2
48265,1.59524616642,8
48267,20.0624164066,9
48269,37.4531835206,1
48271,5.59127760693,2
48273,0.936651159886,3
48275,2.63435194942,1
48277,1.61400960336,8
48279,2.91078445641,4
48281,2.96750581137,6
48283,5.56250869142,4
48285,3.5807458182,7
48287,9.00144023044,15
48289,4.75652535823,8
48291,2.32300028392,18
48293,2.13183252324,5
48295,2.87108814241,1
48297,6.73797692243,8
48299,1.0350359675,2
48301,170.94017094,2
48303,1.37560096567,40
48305,10.4094378904,6
48307,4.83500543938,4
48309,1.2422103062,30
48311,51.4138817481,4
48313,4.33588668883,6
48315,5.85480093677,6
48317,20.9444021325,11
48321,3.5521066725,13
48323,1.41472731131,8
48325,1.89905469278,9
48327,4.58295142071,1
48329,2.18124132461,33
48331,1.23233651002,3
48333,2.05128205128,1
48335,5.45315737812,5
48337,2.05359893213,4
48339,1.21372262658,61
48341,1.79525155962,4
48343,1.57480314961,2
48347,2.44159252873,16
48349,2.28604680161,11
48351,2.81076523083,4
48353,1.32793307217,2
48355,0.823723228995,29
48357,1.8793459876,2
48359,38.6286817962,8
48361,2.28318732951,19
48363,3.58153361269,10
48365,4.18410041841,10
48367,1.48248200432,18
48369,2.99880047981,3
48371,7.59157335358,12
48373,3.25287879774,15
48375,1.55289656074,19
48377,1.3691128149,1
48379,0.90604330887,1
48381,1.1042577022,14
48383,16.6759310728,6
48385,14.8986889154,5
48387,3.18293944458,4
48389,14.8106354468,21
48391,4.12257798543,3
48395,2.41954996371,4
48397,0.467639356528,4
48399,1.9147917664,2
48401,2.80599360233,15
48403,1.91570881226,2
48405,4.60034502588,4
48407,2.22033082929,6
48409,1.05948236719,7
48415,2.32045480914,4
48417,2.98329355609,1
48419,3.10981535471,8
48421,3.26157860404,1
48423,2.80392733691,61
48425,2.32342007435,2
48427,0.319244030137,2
48429,2.11595429539,2
48431,22.2882615156,3
48435,10.0857286939,4
48437,1.29651238169,1
48439,0.814823094594,156
48441,2.08279093986,28
48445,2.3646252069,3
48449,3.37910484441,11
48451,1.47754137116,17
48453,1.29274413919,145
48455,2.77681360639,4
48457,5.12533780636,11
48459,2.24461292897,9
48461,8.81057268722,3
48463,1.11308993767,3
48465,1.63331972234,8
48467,2.27548543689,12
48469,1.77582437097,16
48471,1.29813933362,9
48473,1.52681745807,7
48475,8.90868596882,10
48477,3.21299217198,11
48479,0.607784965679,16
48481,3.39278790229,14
48483,3.55998576006,2
48485,0.530475836826,7
48487,4.55996352029,6
48489,0.909008271975,2
48491,0.9290697478,44
48493,0.878947021468,4
48495,10.5596620908,8
48497,3.26567934295,20
48499,2.80951489043,12
48501,1.21758188238,1
48503,1.09116700311,2
48505,2.79563880347,4
48507,4.97512437811,6
49001,7.73874013311,5
49003,3.1378086329,16
49005,0.340573355244,4
49007,3.8228126344,8
49009,12.8865979381,1
49011,0.340163402129,11
49013,1.00923449564,2
49015,5.59284116331,6
49019,6.3911376225,6
49021,0.424277137826,2
49025,6.94251596779,5
49027,7.1530758226,9
49029,1.94628260023,2
49035,0.695115101793,75
49037,3.29989440338,5
49039,1.41537808287,4
49041,1.43740117867,3
49043,1.8171906233,7
49045,2.29911484079,14
49047,1.39973684947,5
49049,0.688459427093,38
49051,3.75079704437,10
49053,1.14675804754,17
49055,3.67376928729,1
49057,0.837934993003,20
50001,0.812061824974,3
50003,0.819918554757,3
50005,1.28982329421,4
50007,0.563517854124,9
50009,3.22216851941,2
50011,2.065347598,10
50015,0.799136932113,2
50017,0.691347782502,2
50019,0.736756796581,2
50021,1.65207335206,10
50023,0.338226341067,2
50025,0.684025719367,3
50027,0.890471950134,5
51001,1.81186773366,6
51003,1.45478527369,15
51005,1.86729739823,3
51007,2.34796900681,3
51009,1.86636804778,6
51011,0.657548658601,1
51013,0.223269106254,5
51015,1.21534576587,9
51019,0.78469325033,6
51021,1.50105073551,1
51023,2.41290906349,8
51025,3.54400472534,6
51027,2.55471344631,6
51029,1.17178345442,2
51031,1.27244964735,7
51033,3.40727111656,10
51035,2.34458735263,7
51036,4.2146670413,3
51037,5.68504832291,7
51041,0.853200721564,28
51043,4.89544723407,7
51045,3.83729854183,2
51047,1.23905501404,6
51049,1.01430165331,1
51051,1.9401151135,3
51053,3.55745286375,10
51057,2.69034167339,3
51059,0.265787324071,30
51061,2.81635859656,19
51063,1.93261611802,3
51065,2.69085876836,7
51067,1.24300807955,7
51069,1.59822965331,13
51071,2.36588395339,4
51073,1.35131482933,5
51075,4.14345564201,9
51077,1.92641109613,3
51079,0.52803886366,1
51081,1.70068027211,2
51083,2.5347828536,9
51085,1.48016577857,15
51087,0.564503989162,18
51089,3.04298212248,16
51093,0.839395635143,3
51095,1.1319740212,8
51097,4.22178440754,3
51099,2.0053744034,5
51101,0.621233770268,1
51103,1.79710665828,2
51105,2.77711655955,7
51107,0.313275178068,11
51109,1.76543282528,6
51111,0.796305144131,1
51113,2.28188940443,3
51115,1.12612612613,1
51117,1.90144192679,6
51119,1.86619389755,2
51121,0.621974353924,6
51125,4.71126665769,7
51127,4.0899795501,8
51131,2.46224556796,3
51133,0.812743823147,1
51135,3.18248361021,5
51137,1.73430454388,6
51139,1.25823092732,3
51141,2.19010074463,4
51143,3.02576679301,19
51145,1.41808770872,4
51147,3.04056988967,7
51149,3.47779561263,13
51153,0.251560245248,11
51155,0.579240037071,2
51159,1.11247079764,1
51161,1.06799953008,10
51163,3.11887364106,7
51165,1.28559490904,10
51167,3.18640467339,9
51169,1.32919805051,3
51171,1.6384233686,7
51173,1.26047772106,4
51175,2.71591526344,5
51177,0.861454605258,11
51179,1.09373291042,15
51181,2.93126190825,2
51183,2.52865812542,3
51185,1.13973102348,5
51187,1.03947402614,4
51191,1.6435654413,9
51193,2.84786694766,5
51195,0.986923266716,4
51197,4.79616306954,14
51199,0.752207729687,5
51510,0.267890031142,4
51550,0.780569034826,18
51570,0.570939194976,1
51590,0.706713780919,3
51630,0.730060229969,2
51640,1.45433391507,1
51650,0.583596559698,8
51660,0.194597960613,1
51670,0.448853180125,1
51680,0.255891911257,2
51700,0.772102822036,14
51710,0.611117448625,15
51735,1.65604040739,2
51740,0.52010193998,5
51750,0.586269566747,1
51760,0.608229817297,13
51770,0.405120725976,4
51775,0.397377309756,1
51790,0.413342702435,1
51800,1.74046226678,15
51810,0.356911820473,16
51820,0.472813238771,1
51840,0.368080094229,1
53001,5.76489701798,11
53003,0.453720508167,1
53005,0.594819661494,11
53007,0.807895835297,6
53009,0.966890893269,7
53011,0.562422104539,25
53013,2.50689395839,1
53015,0.684007895405,7
53017,0.75759488876,3
53019,2.61369576581,2
53021,0.578415834712,5
53025,1.84642120126,17
53027,0.700093812571,5
53029,1.13451575086,9
53031,2.32689558887,7
53033,0.542586701444,111
53035,0.743811682541,19
53037,2.13249928917,9
53039,0.480307396734,1
53041,1.98636032576,15
53043,5.78982920004,6
53045,1.31598427399,8
53047,1.45165973096,6
53049,0.968757568419,2
53051,2.31338679827,3
53053,0.851631238807,70
53055,0.626723489596,1
53057,1.25688142581,15
53059,7.11553855732,8
53061,0.723227523361,54
53063,0.769499534141,37
53065,2.0666850372,9
53067,0.570943541296,15
53069,2.47831474597,1
53071,1.17201888625,7
53073,0.627716079189,13
53075,1.28377944669,6
53077,1.41466727026,35
54001,1.19538581077,2
54003,0.919760126559,10
54005,0.416666666667,1
54007,4.83893266971,7
54011,1.54920267702,15
54015,1.09397221311,1
54019,2.19616111038,10
54023,2.53914515446,3
54025,1.96265350754,7
54027,3.39818197264,8
54029,0.331114863746,1
54031,3.58783008037,5
54033,0.869590422911,6
54035,2.05086136177,6
54037,1.99224834281,11
54039,1.20557078535,23
54041,2.43397833759,4
54043,1.39146567718,3
54045,0.838926174497,3
54047,1.92289202961,4
54049,1.05652403592,6
54051,1.84729064039,6
54053,1.83979099974,5
54055,1.13102066536,7
54057,1.08088632679,3
54059,3.08511048552,8
54061,1.27867175512,13
54063,0.739371534196,1
54067,0.385653682993,1
54069,1.60414327291,7
54071,1.35098621994,1
54073,3.92875851231,3
54075,1.14982177762,1
54077,1.77467538229,6
54079,0.706763728885,4
54081,2.16579822405,17
54083,1.70270730461,5
54085,1.97238658777,2
54087,2.04974036622,3
54089,2.95333727112,4
54093,1.43430866322,1
54097,2.85016286645,7
54099,2.16872695728,9
54101,3.3605914641,3
54103,1.85678034289,3
54105,1.71203561034,1
54107,0.924225095022,8
54109,1.31199160325,3
55001,2.4448682216,5
55003,0.625273557181,1
55005,1.75108348291,8
55007,6.64451827243,10
55009,0.588888845267,15
55011,1.5016142353,2
55013,0.652145558889,1
55015,0.805185393937,4
55017,1.42384786977,9
55019,0.869111767773,3
55021,1.76656597241,10
55023,3.03342838076,5
55025,0.588007009044,30
55027,1.24227811219,11
55029,1.44242905052,4
55031,0.913262859883,4
55033,1.35872642044,6
55035,0.59241121237,6
55037,2.23413762288,1
55039,1.17739403454,12
55041,3.27868852459,3
55043,1.35951368253,7
55045,1.61969549725,6
55047,1.58177791838,3
55049,1.2621481762,3
55051,1.69290672084,1
55053,1.94713527722,4
55055,0.829924713972,7
55057,2.64210764701,7
55059,0.357700699901,6
55063,0.341740140797,4
55065,0.594000594001,1
55067,1.53444836581,3
55069,2.47472247755,7
55071,0.620956023894,5
55073,1.1096562285,15
55075,1.21103495047,5
55077,3.30250990753,5
55078,11.2334306897,5
55079,0.847334401044,81
55081,0.883509298935,4
55083,4.53623652471,17
55085,0.841443917763,3
55087,0.720501025328,13
55089,0.572914876308,5
55093,0.490208093336,2
55095,1.14752593409,5
55097,0.425942753294,3
55099,1.44927536232,2
55101,1.28274198928,25
55105,1.11991140256,18
55107,2.08957303058,3
55109,1.39343691214,12
55111,1.42875285751,9
55113,3.03342838076,5
55115,1.44359165604,6
55117,1.12821758978,13
55119,1.45850551801,3
55121,2.71997824017,8
55123,1.98157138611,6
55125,1.87309763521,4
55127,1.3587088384,14
55129,2.54777070064,4
55131,0.677093912926,9
55133,0.253888943898,10
55135,2.68585131894,14
55137,2.46700382386,6
55139,0.414191380086,7
55141,1.48624547371,11
56001,2.12964195395,8
56003,4.2034468264,5
56005,1.874492325,9
56007,4.44755067031,7
56009,7.09169562442,10
56011,2.76663438927,2
56013,4.17126732916,17
56015,1.47666863556,2
56017,6.23830318153,3
56019,5.81395348837,5
56021,1.3622407813,13
56023,2.72985367984,5
56025,2.3746734824,19
56027,7.94912559618,2
56029,2.76004830085,8
56031,4.57142857143,4
56033,1.68135046069,5
56035,1.97687061382,2
56037,2.4568927008,11
56039,0.896418806867,2
56041,1.43334925944,3
56043,1.19047619048,1
56045,2.79642058166,2
